{"cameraMode":{"drawMode":0,"name":"Shaded","section":"Shading Mode"},"sceneLighting":true,"audioPlay":false,"sceneViewState":{"m_AlwaysRefresh":false,"showFog":true,"showSkybox":true,"showFlares":true,"showImageEffects":true,"showParticleSystems":true,"showVisualEffectGraphs":true,"m_FxEnabled":true},"in2DMode":false,"pivot":{"x":13.766493797302246,"y":1.865298867225647,"z":8.336980819702149},"rotation":{"x":-0.002609721850603819,"y":0.9749141335487366,"z":-0.2219114750623703,"w":-0.01108038704842329},"size":1.2301138639450074,"orthographic":false}